path,column_name,assay,osmolyte,condition_mM,cell_id,rotation_direction,fps,source_kind,source_path,sign_adjustment,time_bin_s,reduction,frame_reference_fps
data/time-series/bead/100mm_100mM.parquet,cell1,100mM,sucrose,100,cell1,CCW,300,legacy_csv,data/Bead-assays/100mM/speeds/100mM/freq-cell1.csv,none,0.1,mean_bin,300
data/time-series/bead/100mm_100mM.parquet,cell10,100mM,sucrose,100,cell10,CCW,300,legacy_csv,data/Bead-assays/100mM/speeds/100mM/freq-cell10.csv,none,0.1,mean_bin,300
data/time-series/bead/100mm_100mM.parquet,cell11,100mM,sucrose,100,cell11,CCW,300,legacy_csv,data/Bead-assays/100mM/speeds/100mM/freq-cell11.csv,none,0.1,mean_bin,300
data/time-series/bead/100mm_100mM.parquet,cell12,100mM,sucrose,100,cell12,CCW,300,legacy_csv,data/Bead-assays/100mM/speeds/100mM/freq-cell12.csv,none,0.1,mean_bin,300
data/time-series/bead/100mm_100mM.parquet,cell14,100mM,sucrose,100,cell14,CCW,300,legacy_csv,data/Bead-assays/100mM/speeds/100mM/freq-cell14.csv,none,0.1,mean_bin,300
data/time-series/bead/100mm_100mM.parquet,cell18,100mM,sucrose,100,cell18,CCW,300,legacy_csv,data/Bead-assays/100mM/speeds/100mM/freq-cell18.csv,none,0.1,mean_bin,300
data/time-series/bead/100mm_100mM.parquet,cell19,100mM,sucrose,100,cell19,CCW,300,legacy_csv,data/Bead-assays/100mM/speeds/100mM/freq-cell19.csv,none,0.1,mean_bin,300
data/time-series/bead/100mm_100mM.parquet,cell20,100mM,sucrose,100,cell20,CCW,300,legacy_csv,data/Bead-assays/100mM/speeds/100mM/freq-cell20.csv,none,0.1,mean_bin,300
data/time-series/bead/100mm_100mM.parquet,cell7,100mM,sucrose,100,cell7,CCW,300,legacy_csv,data/Bead-assays/100mM/speeds/100mM/freq-cell7.csv,none,0.1,mean_bin,300
data/time-series/bead/100mm_100mM.parquet,cell8,100mM,sucrose,100,cell8,CCW,300,legacy_csv,data/Bead-assays/100mM/speeds/100mM/freq-cell8.csv,none,0.1,mean_bin,300
data/time-series/bead/100mm_100mM.parquet,cell9,100mM,sucrose,100,cell9,CCW,300,legacy_csv,data/Bead-assays/100mM/speeds/100mM/freq-cell9.csv,none,0.1,mean_bin,300
data/time-series/bead/20mm_with_osmoprotectants_200mM.parquet,cell1,20mM-with-osmoprotectants,osmoprotectants,200,cell1,CCW,300,legacy_csv,data/Bead-assays/20mM-with-osmoprotectants/speeds/200mM/freq-cell1.csv,none,0.1,mean_bin,300
data/time-series/bead/20mm_with_osmoprotectants_200mM.parquet,cell10,20mM-with-osmoprotectants,osmoprotectants,200,cell10,CCW,300,legacy_csv,data/Bead-assays/20mM-with-osmoprotectants/speeds/200mM/freq-cell10.csv,none,0.1,mean_bin,300
data/time-series/bead/20mm_with_osmoprotectants_200mM.parquet,cell2,20mM-with-osmoprotectants,osmoprotectants,200,cell2,CCW,300,legacy_csv,data/Bead-assays/20mM-with-osmoprotectants/speeds/200mM/freq-cell2.csv,none,0.1,mean_bin,300
data/time-series/bead/20mm_with_osmoprotectants_200mM.parquet,cell4,20mM-with-osmoprotectants,osmoprotectants,200,cell4,CCW,300,legacy_csv,data/Bead-assays/20mM-with-osmoprotectants/speeds/200mM/freq-cell4.csv,none,0.1,mean_bin,300
data/time-series/bead/20mm_with_osmoprotectants_200mM.parquet,cell5,20mM-with-osmoprotectants,osmoprotectants,200,cell5,CCW,300,legacy_csv,data/Bead-assays/20mM-with-osmoprotectants/speeds/200mM/freq-cell5.csv,none,0.1,mean_bin,300
data/time-series/bead/20mm_with_osmoprotectants_200mM.parquet,cell6,20mM-with-osmoprotectants,osmoprotectants,200,cell6,CCW,300,legacy_csv,data/Bead-assays/20mM-with-osmoprotectants/speeds/200mM/freq-cell6.csv,none,0.1,mean_bin,300
data/time-series/bead/20mm_with_osmoprotectants_200mM.parquet,cell7,20mM-with-osmoprotectants,osmoprotectants,200,cell7,CCW,300,legacy_csv,data/Bead-assays/20mM-with-osmoprotectants/speeds/200mM/freq-cell7.csv,none,0.1,mean_bin,300
data/time-series/bead/20mm_with_osmoprotectants_200mM.parquet,cell8,20mM-with-osmoprotectants,osmoprotectants,200,cell8,CCW,300,legacy_csv,data/Bead-assays/20mM-with-osmoprotectants/speeds/200mM/freq-cell8.csv,none,0.1,mean_bin,300
data/time-series/bead/20mm_with_osmoprotectants_200mM.parquet,cell9,20mM-with-osmoprotectants,osmoprotectants,200,cell9,CCW,300,legacy_csv,data/Bead-assays/20mM-with-osmoprotectants/speeds/200mM/freq-cell9.csv,none,0.1,mean_bin,300
data/time-series/bead/adaption_200mM.parquet,cell11,Adaption,sucrose,200,cell11,CCW,300,legacy_csv,data/Bead-assays/Adaption/speeds/200mM/freq-cell11.csv,none,0.1,mean_bin,300
data/time-series/bead/adaption_200mM.parquet,cell13,Adaption,sucrose,200,cell13,CCW,300,legacy_csv,data/Bead-assays/Adaption/speeds/200mM/freq-cell13.csv,none,0.1,mean_bin,300
data/time-series/bead/adaption_200mM.parquet,cell15,Adaption,sucrose,200,cell15,CCW,300,legacy_csv,data/Bead-assays/Adaption/speeds/200mM/freq-cell15.csv,none,0.1,mean_bin,300
data/time-series/bead/adaption_200mM.parquet,cell3,Adaption,sucrose,200,cell3,CCW,300,legacy_csv,data/Bead-assays/Adaption/speeds/200mM/freq-cell3.csv,none,0.1,mean_bin,300
data/time-series/bead/adaption_200mM.parquet,cell6,Adaption,sucrose,200,cell6,CCW,300,legacy_csv,data/Bead-assays/Adaption/speeds/200mM/freq-cell6.csv,none,0.1,mean_bin,300
data/time-series/bead/adaption_200mM.parquet,cell7,Adaption,sucrose,200,cell7,CCW,300,legacy_csv,data/Bead-assays/Adaption/speeds/200mM/freq-cell7.csv,none,0.1,mean_bin,300
data/time-series/bead/adaption_200mM.parquet,cell8,Adaption,sucrose,200,cell8,CCW,300,legacy_csv,data/Bead-assays/Adaption/speeds/200mM/freq-cell8.csv,none,0.1,mean_bin,300
data/time-series/bead/adaption_200mM.parquet,cell9,Adaption,sucrose,200,cell9,CCW,300,legacy_csv,data/Bead-assays/Adaption/speeds/200mM/freq-cell9.csv,none,0.1,mean_bin,300
data/time-series/bead/adaption_300mM.parquet,cell11,Adaption,sucrose,300,cell11,CCW,300,legacy_csv,data/Bead-assays/Adaption/speeds/300mM/freq-cell11.csv,none,0.1,mean_bin,300
data/time-series/bead/adaption_300mM.parquet,cell13,Adaption,sucrose,300,cell13,CCW,300,legacy_csv,data/Bead-assays/Adaption/speeds/300mM/freq-cell13.csv,none,0.1,mean_bin,300
data/time-series/bead/adaption_300mM.parquet,cell2,Adaption,sucrose,300,cell2,CCW,300,legacy_csv,data/Bead-assays/Adaption/speeds/300mM/freq-cell2.csv,none,0.1,mean_bin,300
data/time-series/bead/adaption_300mM.parquet,cell3,Adaption,sucrose,300,cell3,CCW,300,legacy_csv,data/Bead-assays/Adaption/speeds/300mM/freq-cell3.csv,none,0.1,mean_bin,300
data/time-series/bead/adaption_300mM.parquet,cell5,Adaption,sucrose,300,cell5,CCW,300,legacy_csv,data/Bead-assays/Adaption/speeds/300mM/freq-cell5.csv,none,0.1,mean_bin,300
data/time-series/bead/adaption_300mM.parquet,cell6,Adaption,sucrose,300,cell6,CCW,300,legacy_csv,data/Bead-assays/Adaption/speeds/300mM/freq-cell6.csv,none,0.1,mean_bin,300
data/time-series/bead/adaption_300mM.parquet,cell7,Adaption,sucrose,300,cell7,CCW,300,legacy_csv,data/Bead-assays/Adaption/speeds/300mM/freq-cell7.csv,none,0.1,mean_bin,300
data/time-series/bead/adaption_300mM.parquet,cell9,Adaption,sucrose,300,cell9,CCW,300,legacy_csv,data/Bead-assays/Adaption/speeds/300mM/freq-cell9.csv,none,0.1,mean_bin,300
data/time-series/bead/adaption_400mM.parquet,cell1,Adaption,sucrose,400,cell1,CCW,300,legacy_csv,data/Bead-assays/Adaption/speeds/400mM/freq-cell1.csv,none,0.1,mean_bin,300
data/time-series/bead/adaption_400mM.parquet,cell10,Adaption,sucrose,400,cell10,CCW,300,legacy_csv,data/Bead-assays/Adaption/speeds/400mM/freq-cell10.csv,none,0.1,mean_bin,300
data/time-series/bead/adaption_400mM.parquet,cell12,Adaption,sucrose,400,cell12,CCW,300,legacy_csv,data/Bead-assays/Adaption/speeds/400mM/freq-cell12.csv,none,0.1,mean_bin,300
data/time-series/bead/adaption_400mM.parquet,cell13,Adaption,sucrose,400,cell13,CCW,300,legacy_csv,data/Bead-assays/Adaption/speeds/400mM/freq-cell13.csv,none,0.1,mean_bin,300
data/time-series/bead/adaption_400mM.parquet,cell15,Adaption,sucrose,400,cell15,CCW,300,legacy_csv,data/Bead-assays/Adaption/speeds/400mM/freq-cell15.csv,none,0.1,mean_bin,300
data/time-series/bead/adaption_400mM.parquet,cell2,Adaption,sucrose,400,cell2,CCW,300,legacy_csv,data/Bead-assays/Adaption/speeds/400mM/freq-cell2.csv,none,0.1,mean_bin,300
data/time-series/bead/adaption_400mM.parquet,cell7,Adaption,sucrose,400,cell7,CCW,300,legacy_csv,data/Bead-assays/Adaption/speeds/400mM/freq-cell7.csv,none,0.1,mean_bin,300
data/time-series/bead/adaption_400mM.parquet,cell8,Adaption,sucrose,400,cell8,CCW,300,legacy_csv,data/Bead-assays/Adaption/speeds/400mM/freq-cell8.csv,none,0.1,mean_bin,300
data/time-series/bead/adaption_500mM.parquet,cell13,Adaption,sucrose,500,cell13,CCW,300,legacy_csv,data/Bead-assays/Adaption/speeds/500mM/freq-cell13.csv,none,0.1,mean_bin,300
data/time-series/bead/adaption_500mM.parquet,cell14,Adaption,sucrose,500,cell14,CCW,300,legacy_csv,data/Bead-assays/Adaption/speeds/500mM/freq-cell14.csv,none,0.1,mean_bin,300
data/time-series/bead/adaption_500mM.parquet,cell2,Adaption,sucrose,500,cell2,CCW,300,legacy_csv,data/Bead-assays/Adaption/speeds/500mM/freq-cell2.csv,none,0.1,mean_bin,300
data/time-series/bead/adaption_500mM.parquet,cell3,Adaption,sucrose,500,cell3,CCW,300,legacy_csv,data/Bead-assays/Adaption/speeds/500mM/freq-cell3.csv,none,0.1,mean_bin,300
data/time-series/bead/clockwise_200mM.parquet,cell11,Clockwise,sucrose,200,cell11,CW,300,legacy_csv,data/Bead-assays/Clockwise/speeds/200mM/freq-200-cell11.csv,none,0.1,mean_bin,300
data/time-series/bead/clockwise_200mM.parquet,cell12,Clockwise,sucrose,200,cell12,CW,300,legacy_csv,data/Bead-assays/Clockwise/speeds/200mM/freq-200-cell12.csv,none,0.1,mean_bin,300
data/time-series/bead/clockwise_200mM.parquet,cell2,Clockwise,sucrose,200,cell2,CW,300,legacy_csv,data/Bead-assays/Clockwise/speeds/200mM/freq-200-cell2.csv,none,0.1,mean_bin,300
data/time-series/bead/clockwise_200mM.parquet,cell3,Clockwise,sucrose,200,cell3,CW,300,legacy_csv,data/Bead-assays/Clockwise/speeds/200mM/freq-200-cell3.csv,none,0.1,mean_bin,300
data/time-series/bead/clockwise_200mM.parquet,cell5,Clockwise,sucrose,200,cell5,CW,300,legacy_csv,data/Bead-assays/Clockwise/speeds/200mM/freq-200-cell5.csv,none,0.1,mean_bin,300
data/time-series/bead/clockwise_200mM.parquet,cell6,Clockwise,sucrose,200,cell6,CW,300,legacy_csv,data/Bead-assays/Clockwise/speeds/200mM/freq-200-cell6.csv,none,0.1,mean_bin,300
data/time-series/bead/clockwise_200mM.parquet,cell7,Clockwise,sucrose,200,cell7,CW,300,legacy_csv,data/Bead-assays/Clockwise/speeds/200mM/freq-200-cell7.csv,none,0.1,mean_bin,300
data/time-series/bead/clockwise_200mM.parquet,cell8,Clockwise,sucrose,200,cell8,CW,300,legacy_csv,data/Bead-assays/Clockwise/speeds/200mM/freq-200-cell8.csv,none,0.1,mean_bin,300
data/time-series/bead/clockwise_300mM.parquet,cell1,Clockwise,sucrose,300,cell1,CW,300,legacy_csv,data/Bead-assays/Clockwise/speeds/300mM/freq-cell1.csv,none,0.1,mean_bin,300
data/time-series/bead/clockwise_300mM.parquet,cell2,Clockwise,sucrose,300,cell2,CW,300,legacy_csv,data/Bead-assays/Clockwise/speeds/300mM/freq-cell2.csv,none,0.1,mean_bin,300
data/time-series/bead/clockwise_300mM.parquet,cell3,Clockwise,sucrose,300,cell3,CW,300,legacy_csv,data/Bead-assays/Clockwise/speeds/300mM/freq-cell3.csv,none,0.1,mean_bin,300
data/time-series/bead/clockwise_300mM.parquet,cell4,Clockwise,sucrose,300,cell4,CW,300,legacy_csv,data/Bead-assays/Clockwise/speeds/300mM/freq-cell4.csv,none,0.1,mean_bin,300
data/time-series/bead/clockwise_300mM.parquet,cell5,Clockwise,sucrose,300,cell5,CW,300,legacy_csv,data/Bead-assays/Clockwise/speeds/300mM/freq-cell5.csv,none,0.1,mean_bin,300
data/time-series/bead/clockwise_300mM.parquet,cell6,Clockwise,sucrose,300,cell6,CW,300,legacy_csv,data/Bead-assays/Clockwise/speeds/300mM/freq-cell6.csv,none,0.1,mean_bin,300
data/time-series/bead/clockwise_300mM.parquet,cell7,Clockwise,sucrose,300,cell7,CW,300,legacy_csv,data/Bead-assays/Clockwise/speeds/300mM/freq-cell7.csv,none,0.1,mean_bin,300
data/time-series/bead/clockwise_300mM.parquet,cell8,Clockwise,sucrose,300,cell8,CW,300,legacy_csv,data/Bead-assays/Clockwise/speeds/300mM/freq-cell8.csv,none,0.1,mean_bin,300
data/time-series/bead/clockwise_400mM.parquet,cell1,Clockwise,sucrose,400,cell1,CW,300,legacy_csv,data/Bead-assays/Clockwise/speeds/400mM/freq-cell1.csv,none,0.1,mean_bin,300
data/time-series/bead/clockwise_400mM.parquet,cell2,Clockwise,sucrose,400,cell2,CW,300,legacy_csv,data/Bead-assays/Clockwise/speeds/400mM/freq-cell2.csv,none,0.1,mean_bin,300
data/time-series/bead/clockwise_400mM.parquet,cell3,Clockwise,sucrose,400,cell3,CW,300,legacy_csv,data/Bead-assays/Clockwise/speeds/400mM/freq-cell3.csv,none,0.1,mean_bin,300
data/time-series/bead/clockwise_400mM.parquet,cell4,Clockwise,sucrose,400,cell4,CW,300,legacy_csv,data/Bead-assays/Clockwise/speeds/400mM/freq-cell4.csv,none,0.1,mean_bin,300
data/time-series/bead/clockwise_400mM.parquet,cell5,Clockwise,sucrose,400,cell5,CW,300,legacy_csv,data/Bead-assays/Clockwise/speeds/400mM/freq-cell5.csv,none,0.1,mean_bin,300
data/time-series/bead/clockwise_400mM.parquet,cell6,Clockwise,sucrose,400,cell6,CW,300,legacy_csv,data/Bead-assays/Clockwise/speeds/400mM/freq-cell6.csv,none,0.1,mean_bin,300
data/time-series/bead/clockwise_400mM.parquet,cell7,Clockwise,sucrose,400,cell7,CW,300,legacy_csv,data/Bead-assays/Clockwise/speeds/400mM/freq-cell7.csv,none,0.1,mean_bin,300
data/time-series/bead/clockwise_400mM.parquet,cell8,Clockwise,sucrose,400,cell8,CW,300,legacy_csv,data/Bead-assays/Clockwise/speeds/400mM/freq-cell8.csv,none,0.1,mean_bin,300
data/time-series/bead/clockwise_400mM.parquet,cell9,Clockwise,sucrose,400,cell9,CW,300,legacy_csv,data/Bead-assays/Clockwise/speeds/400mM/freq-cell9.csv,none,0.1,mean_bin,300
data/time-series/bead/clockwise_500mM.parquet,cell1,Clockwise,sucrose,500,cell1,CW,300,legacy_csv,data/Bead-assays/Clockwise/speeds/500mM/freq-cell1.csv,none,0.1,mean_bin,300
data/time-series/bead/clockwise_500mM.parquet,cell2,Clockwise,sucrose,500,cell2,CW,300,legacy_csv,data/Bead-assays/Clockwise/speeds/500mM/freq-cell2.csv,none,0.1,mean_bin,300
data/time-series/bead/clockwise_500mM.parquet,cell3,Clockwise,sucrose,500,cell3,CW,300,legacy_csv,data/Bead-assays/Clockwise/speeds/500mM/freq-cell3.csv,none,0.1,mean_bin,300
data/time-series/bead/clockwise_500mM.parquet,cell4,Clockwise,sucrose,500,cell4,CW,300,legacy_csv,data/Bead-assays/Clockwise/speeds/500mM/freq-cell4.csv,none,0.1,mean_bin,300
data/time-series/bead/clockwise_500mM.parquet,cell5,Clockwise,sucrose,500,cell5,CW,300,legacy_csv,data/Bead-assays/Clockwise/speeds/500mM/freq-cell5.csv,none,0.1,mean_bin,300
data/time-series/bead/clockwise_500mM.parquet,cell6,Clockwise,sucrose,500,cell6,CW,300,legacy_csv,data/Bead-assays/Clockwise/speeds/500mM/freq-cell6.csv,none,0.1,mean_bin,300
data/time-series/bead/clockwise_500mM.parquet,cell7,Clockwise,sucrose,500,cell7,CW,300,legacy_csv,data/Bead-assays/Clockwise/speeds/500mM/freq-cell7.csv,none,0.1,mean_bin,300
data/time-series/bead/clockwise_500mM.parquet,cell8,Clockwise,sucrose,500,cell8,CW,300,legacy_csv,data/Bead-assays/Clockwise/speeds/500mM/freq-cell8.csv,none,0.1,mean_bin,300
data/time-series/bead/sodium_200mM.parquet,cell1,Sodium,sodium,200,cell1,CCW,300,legacy_csv,data/Bead-assays/Sodium/speeds/200mM/freq-200-cell1.csv,none,0.1,mean_bin,300
data/time-series/bead/sodium_200mM.parquet,cell10,Sodium,sodium,200,cell10,CCW,300,legacy_csv,data/Bead-assays/Sodium/speeds/200mM/freq-200-cell10.csv,none,0.1,mean_bin,300
data/time-series/bead/sodium_200mM.parquet,cell2,Sodium,sodium,200,cell2,CCW,300,legacy_csv,data/Bead-assays/Sodium/speeds/200mM/freq-200-cell2.csv,none,0.1,mean_bin,300
data/time-series/bead/sodium_200mM.parquet,cell3,Sodium,sodium,200,cell3,CCW,300,legacy_csv,data/Bead-assays/Sodium/speeds/200mM/freq-200-cell3.csv,none,0.1,mean_bin,300
data/time-series/bead/sodium_200mM.parquet,cell4,Sodium,sodium,200,cell4,CCW,300,legacy_csv,data/Bead-assays/Sodium/speeds/200mM/freq-200-cell4.csv,none,0.1,mean_bin,300
data/time-series/bead/sodium_200mM.parquet,cell5,Sodium,sodium,200,cell5,CCW,300,legacy_csv,data/Bead-assays/Sodium/speeds/200mM/freq-200-cell5.csv,none,0.1,mean_bin,300
data/time-series/bead/sodium_200mM.parquet,cell6,Sodium,sodium,200,cell6,CCW,300,legacy_csv,data/Bead-assays/Sodium/speeds/200mM/freq-200-cell6.csv,none,0.1,mean_bin,300
data/time-series/bead/sodium_200mM.parquet,cell7,Sodium,sodium,200,cell7,CCW,300,legacy_csv,data/Bead-assays/Sodium/speeds/200mM/freq-200-cell7.csv,none,0.1,mean_bin,300
data/time-series/bead/sodium_200mM.parquet,cell8,Sodium,sodium,200,cell8,CCW,300,legacy_csv,data/Bead-assays/Sodium/speeds/200mM/freq-200-cell8.csv,none,0.1,mean_bin,300
data/time-series/bead/sodium_200mM.parquet,cell9,Sodium,sodium,200,cell9,CCW,300,legacy_csv,data/Bead-assays/Sodium/speeds/200mM/freq-200-cell9.csv,none,0.1,mean_bin,300
data/time-series/bead/sodium_300mM.parquet,cell1,Sodium,sodium,300,cell1,CCW,300,legacy_csv,data/Bead-assays/Sodium/speeds/300mM/freq-300-cell1.csv,none,0.1,mean_bin,300
data/time-series/bead/sodium_300mM.parquet,cell12,Sodium,sodium,300,cell12,CCW,300,legacy_csv,data/Bead-assays/Sodium/speeds/300mM/freq-300-cell12.csv,none,0.1,mean_bin,300
data/time-series/bead/sodium_300mM.parquet,cell13,Sodium,sodium,300,cell13,CCW,300,legacy_csv,data/Bead-assays/Sodium/speeds/300mM/freq-300-cell13.csv,none,0.1,mean_bin,300
data/time-series/bead/sodium_300mM.parquet,cell14,Sodium,sodium,300,cell14,CCW,300,legacy_csv,data/Bead-assays/Sodium/speeds/300mM/freq-300-cell14.csv,none,0.1,mean_bin,300
data/time-series/bead/sodium_300mM.parquet,cell15,Sodium,sodium,300,cell15,CCW,300,legacy_csv,data/Bead-assays/Sodium/speeds/300mM/freq-300-cell15.csv,none,0.1,mean_bin,300
data/time-series/bead/sodium_300mM.parquet,cell2,Sodium,sodium,300,cell2,CCW,300,legacy_csv,data/Bead-assays/Sodium/speeds/300mM/freq-300-cell2.csv,none,0.1,mean_bin,300
data/time-series/bead/sodium_300mM.parquet,cell4,Sodium,sodium,300,cell4,CCW,300,legacy_csv,data/Bead-assays/Sodium/speeds/300mM/freq-300-cell4.csv,none,0.1,mean_bin,300
data/time-series/bead/sodium_300mM.parquet,cell6,Sodium,sodium,300,cell6,CCW,300,legacy_csv,data/Bead-assays/Sodium/speeds/300mM/freq-300-cell6.csv,none,0.1,mean_bin,300
data/time-series/bead/sodium_300mM.parquet,cell7,Sodium,sodium,300,cell7,CCW,300,legacy_csv,data/Bead-assays/Sodium/speeds/300mM/freq-300-cell7.csv,none,0.1,mean_bin,300
data/time-series/bead/sodium_300mM.parquet,cell8,Sodium,sodium,300,cell8,CCW,300,legacy_csv,data/Bead-assays/Sodium/speeds/300mM/freq-300-cell8.csv,none,0.1,mean_bin,300
data/time-series/bead/sodium_400mM.parquet,cell1,Sodium,sodium,400,cell1,CCW,300,legacy_csv,data/Bead-assays/Sodium/speeds/400mM/freq-400-cell1.csv,none,0.1,mean_bin,300
data/time-series/bead/sodium_400mM.parquet,cell13,Sodium,sodium,400,cell13,CCW,300,legacy_csv,data/Bead-assays/Sodium/speeds/400mM/freq-400-cell13.csv,none,0.1,mean_bin,300
data/time-series/bead/sodium_400mM.parquet,cell14,Sodium,sodium,400,cell14,CCW,300,legacy_csv,data/Bead-assays/Sodium/speeds/400mM/freq-400-cell14.csv,none,0.1,mean_bin,300
data/time-series/bead/sodium_400mM.parquet,cell15,Sodium,sodium,400,cell15,CCW,300,legacy_csv,data/Bead-assays/Sodium/speeds/400mM/freq-400-cell15.csv,none,0.1,mean_bin,300
data/time-series/bead/sodium_400mM.parquet,cell16,Sodium,sodium,400,cell16,CCW,300,legacy_csv,data/Bead-assays/Sodium/speeds/400mM/freq-400-cell16.csv,none,0.1,mean_bin,300
data/time-series/bead/sodium_400mM.parquet,cell17,Sodium,sodium,400,cell17,CCW,300,legacy_csv,data/Bead-assays/Sodium/speeds/400mM/freq-400-cell17.csv,none,0.1,mean_bin,300
data/time-series/bead/sodium_400mM.parquet,cell3,Sodium,sodium,400,cell3,CCW,300,legacy_csv,data/Bead-assays/Sodium/speeds/400mM/freq-400-cell3.csv,none,0.1,mean_bin,300
data/time-series/bead/sodium_400mM.parquet,cell6,Sodium,sodium,400,cell6,CCW,300,legacy_csv,data/Bead-assays/Sodium/speeds/400mM/freq-400-cell6.csv,none,0.1,mean_bin,300
data/time-series/bead/sodium_400mM.parquet,cell8,Sodium,sodium,400,cell8,CCW,300,legacy_csv,data/Bead-assays/Sodium/speeds/400mM/freq-400-cell8.csv,none,0.1,mean_bin,300
data/time-series/bead/sodium_400mM.parquet,cell9,Sodium,sodium,400,cell9,CCW,300,legacy_csv,data/Bead-assays/Sodium/speeds/400mM/freq-400-cell9.csv,none,0.1,mean_bin,300
data/time-series/bead/sodium_500mM.parquet,cell1,Sodium,sodium,500,cell1,CCW,300,legacy_csv,data/Bead-assays/Sodium/speeds/500mM/freq-500-cell1.csv,none,0.1,mean_bin,300
data/time-series/bead/sodium_500mM.parquet,cell10,Sodium,sodium,500,cell10,CCW,300,legacy_csv,data/Bead-assays/Sodium/speeds/500mM/freq-500-cell10.csv,none,0.1,mean_bin,300
data/time-series/bead/sodium_500mM.parquet,cell2,Sodium,sodium,500,cell2,CCW,300,legacy_csv,data/Bead-assays/Sodium/speeds/500mM/freq-500-cell2.csv,none,0.1,mean_bin,300
data/time-series/bead/sodium_500mM.parquet,cell3,Sodium,sodium,500,cell3,CCW,300,legacy_csv,data/Bead-assays/Sodium/speeds/500mM/freq-500-cell3.csv,none,0.1,mean_bin,300
data/time-series/bead/sodium_500mM.parquet,cell4,Sodium,sodium,500,cell4,CCW,300,legacy_csv,data/Bead-assays/Sodium/speeds/500mM/freq-500-cell4.csv,none,0.1,mean_bin,300
data/time-series/bead/sodium_500mM.parquet,cell5,Sodium,sodium,500,cell5,CCW,300,legacy_csv,data/Bead-assays/Sodium/speeds/500mM/freq-500-cell5.csv,none,0.1,mean_bin,300
data/time-series/bead/sodium_500mM.parquet,cell6,Sodium,sodium,500,cell6,CCW,300,legacy_csv,data/Bead-assays/Sodium/speeds/500mM/freq-500-cell6.csv,none,0.1,mean_bin,300
data/time-series/bead/sodium_500mM.parquet,cell7,Sodium,sodium,500,cell7,CCW,300,legacy_csv,data/Bead-assays/Sodium/speeds/500mM/freq-500-cell7.csv,none,0.1,mean_bin,300
data/time-series/bead/sodium_500mM.parquet,cell8,Sodium,sodium,500,cell8,CCW,300,legacy_csv,data/Bead-assays/Sodium/speeds/500mM/freq-500-cell8.csv,none,0.1,mean_bin,300
data/time-series/bead/sodium_500mM.parquet,cell9,Sodium,sodium,500,cell9,CCW,300,legacy_csv,data/Bead-assays/Sodium/speeds/500mM/freq-500-cell9.csv,none,0.1,mean_bin,300
data/time-series/bead/sorbitol_200mM.parquet,cell1,Sorbitol,sorbitol,200,cell1,CCW,300,legacy_csv,data/Bead-assays/Sorbitol/speeds/200mM/freq-200-cell1.csv,none,0.1,mean_bin,300
data/time-series/bead/sorbitol_200mM.parquet,cell10,Sorbitol,sorbitol,200,cell10,CCW,300,legacy_csv,data/Bead-assays/Sorbitol/speeds/200mM/freq-200-cell10.csv,none,0.1,mean_bin,300
data/time-series/bead/sorbitol_200mM.parquet,cell11,Sorbitol,sorbitol,200,cell11,CCW,300,legacy_csv,data/Bead-assays/Sorbitol/speeds/200mM/freq-200-cell11.csv,none,0.1,mean_bin,300
data/time-series/bead/sorbitol_200mM.parquet,cell2,Sorbitol,sorbitol,200,cell2,CCW,300,legacy_csv,data/Bead-assays/Sorbitol/speeds/200mM/freq-200-cell2.csv,none,0.1,mean_bin,300
data/time-series/bead/sorbitol_200mM.parquet,cell3,Sorbitol,sorbitol,200,cell3,CCW,300,legacy_csv,data/Bead-assays/Sorbitol/speeds/200mM/freq-200-cell3.csv,none,0.1,mean_bin,300
data/time-series/bead/sorbitol_200mM.parquet,cell5,Sorbitol,sorbitol,200,cell5,CCW,300,legacy_csv,data/Bead-assays/Sorbitol/speeds/200mM/freq-200-cell5.csv,none,0.1,mean_bin,300
data/time-series/bead/sorbitol_200mM.parquet,cell6,Sorbitol,sorbitol,200,cell6,CCW,300,legacy_csv,data/Bead-assays/Sorbitol/speeds/200mM/freq-200-cell6.csv,none,0.1,mean_bin,300
data/time-series/bead/sorbitol_200mM.parquet,cell7,Sorbitol,sorbitol,200,cell7,CCW,300,legacy_csv,data/Bead-assays/Sorbitol/speeds/200mM/freq-200-cell7.csv,none,0.1,mean_bin,300
data/time-series/bead/sorbitol_300mM.parquet,cell10,Sorbitol,sorbitol,300,cell10,CCW,300,legacy_csv,data/Bead-assays/Sorbitol/speeds/300mM/freq-300-cell10.csv,none,0.1,mean_bin,300
data/time-series/bead/sorbitol_300mM.parquet,cell11,Sorbitol,sorbitol,300,cell11,CCW,300,legacy_csv,data/Bead-assays/Sorbitol/speeds/300mM/freq-300-cell11.csv,none,0.1,mean_bin,300
data/time-series/bead/sorbitol_300mM.parquet,cell3,Sorbitol,sorbitol,300,cell3,CCW,300,legacy_csv,data/Bead-assays/Sorbitol/speeds/300mM/freq-300-cell3.csv,none,0.1,mean_bin,300
data/time-series/bead/sorbitol_300mM.parquet,cell4,Sorbitol,sorbitol,300,cell4,CCW,300,legacy_csv,data/Bead-assays/Sorbitol/speeds/300mM/freq-300-cell4.csv,none,0.1,mean_bin,300
data/time-series/bead/sorbitol_300mM.parquet,cell5,Sorbitol,sorbitol,300,cell5,CCW,300,legacy_csv,data/Bead-assays/Sorbitol/speeds/300mM/freq-300-cell5.csv,none,0.1,mean_bin,300
data/time-series/bead/sorbitol_300mM.parquet,cell6,Sorbitol,sorbitol,300,cell6,CCW,300,legacy_csv,data/Bead-assays/Sorbitol/speeds/300mM/freq-300-cell6.csv,none,0.1,mean_bin,300
data/time-series/bead/sorbitol_300mM.parquet,cell8,Sorbitol,sorbitol,300,cell8,CCW,300,legacy_csv,data/Bead-assays/Sorbitol/speeds/300mM/freq-300-cell8.csv,none,0.1,mean_bin,300
data/time-series/bead/sorbitol_300mM.parquet,cell9,Sorbitol,sorbitol,300,cell9,CCW,300,legacy_csv,data/Bead-assays/Sorbitol/speeds/300mM/freq-300-cell9.csv,none,0.1,mean_bin,300
data/time-series/bead/sorbitol_400mM.parquet,cell1,Sorbitol,sorbitol,400,cell1,CCW,300,legacy_csv,data/Bead-assays/Sorbitol/speeds/400mM/freq-400-cell1.csv,none,0.1,mean_bin,300
data/time-series/bead/sorbitol_400mM.parquet,cell2,Sorbitol,sorbitol,400,cell2,CCW,300,legacy_csv,data/Bead-assays/Sorbitol/speeds/400mM/freq-400-cell2.csv,none,0.1,mean_bin,300
data/time-series/bead/sorbitol_400mM.parquet,cell3,Sorbitol,sorbitol,400,cell3,CCW,300,legacy_csv,data/Bead-assays/Sorbitol/speeds/400mM/freq-400-cell3.csv,none,0.1,mean_bin,300
data/time-series/bead/sorbitol_400mM.parquet,cell4,Sorbitol,sorbitol,400,cell4,CCW,300,legacy_csv,data/Bead-assays/Sorbitol/speeds/400mM/freq-400-cell4.csv,none,0.1,mean_bin,300
data/time-series/bead/sorbitol_400mM.parquet,cell5,Sorbitol,sorbitol,400,cell5,CCW,300,legacy_csv,data/Bead-assays/Sorbitol/speeds/400mM/freq-400-cell5.csv,none,0.1,mean_bin,300
data/time-series/bead/sorbitol_400mM.parquet,cell6,Sorbitol,sorbitol,400,cell6,CCW,300,legacy_csv,data/Bead-assays/Sorbitol/speeds/400mM/freq-400-cell6.csv,none,0.1,mean_bin,300
data/time-series/bead/sorbitol_400mM.parquet,cell7,Sorbitol,sorbitol,400,cell7,CCW,300,legacy_csv,data/Bead-assays/Sorbitol/speeds/400mM/freq-400-cell7.csv,none,0.1,mean_bin,300
data/time-series/bead/sorbitol_400mM.parquet,cell8,Sorbitol,sorbitol,400,cell8,CCW,300,legacy_csv,data/Bead-assays/Sorbitol/speeds/400mM/freq-400-cell8.csv,none,0.1,mean_bin,300
data/time-series/bead/sorbitol_500mM.parquet,cell1,Sorbitol,sorbitol,500,cell1,CCW,300,legacy_csv,data/Bead-assays/Sorbitol/speeds/500mM/freq-500-cell1.csv,none,0.1,mean_bin,300
data/time-series/bead/sorbitol_500mM.parquet,cell2,Sorbitol,sorbitol,500,cell2,CCW,300,legacy_csv,data/Bead-assays/Sorbitol/speeds/500mM/freq-500-cell2.csv,none,0.1,mean_bin,300
data/time-series/bead/sorbitol_500mM.parquet,cell3,Sorbitol,sorbitol,500,cell3,CCW,300,legacy_csv,data/Bead-assays/Sorbitol/speeds/500mM/freq-500-cell3.csv,none,0.1,mean_bin,300
data/time-series/bead/sorbitol_500mM.parquet,cell4,Sorbitol,sorbitol,500,cell4,CCW,300,legacy_csv,data/Bead-assays/Sorbitol/speeds/500mM/freq-500-cell4.csv,none,0.1,mean_bin,300
data/time-series/bead/sorbitol_500mM.parquet,cell5,Sorbitol,sorbitol,500,cell5,CCW,300,legacy_csv,data/Bead-assays/Sorbitol/speeds/500mM/freq-500-cell5.csv,none,0.1,mean_bin,300
data/time-series/bead/sorbitol_500mM.parquet,cell7,Sorbitol,sorbitol,500,cell7,CCW,300,legacy_csv,data/Bead-assays/Sorbitol/speeds/500mM/freq-500-cell7.csv,none,0.1,mean_bin,300
data/time-series/bead/sorbitol_500mM.parquet,cell8,Sorbitol,sorbitol,500,cell8,CCW,300,legacy_csv,data/Bead-assays/Sorbitol/speeds/500mM/freq-500-cell8.csv,none,0.1,mean_bin,300
data/time-series/bead/sorbitol_500mM.parquet,cell9,Sorbitol,sorbitol,500,cell9,CCW,300,legacy_csv,data/Bead-assays/Sorbitol/speeds/500mM/freq-500-cell9.csv,none,0.1,mean_bin,300
data/time-series/bead/sucrose_200mM.parquet,cell1,Sucrose,sucrose,200,cell1,CCW,300,legacy_mat,data/Bead-assays/Sucrose/200mM/cells/cell_1/cell_1_200_Freq.mat,none,0.1,mean_bin,300
data/time-series/bead/sucrose_200mM.parquet,cell2,Sucrose,sucrose,200,cell2,CCW,300,legacy_mat,data/Bead-assays/Sucrose/200mM/cells/cell_2/cell_2_200_Freq.mat,none,0.1,mean_bin,300
data/time-series/bead/sucrose_200mM.parquet,cell3,Sucrose,sucrose,200,cell3,CCW,300,legacy_mat,data/Bead-assays/Sucrose/200mM/cells/cell_3/cell_3_200_Freq.mat,inverted,0.1,mean_bin,300
data/time-series/bead/sucrose_200mM.parquet,cell4,Sucrose,sucrose,200,cell4,CCW,300,legacy_mat,data/Bead-assays/Sucrose/200mM/cells/cell_4/cell_4_200_Freq.mat,inverted,0.1,mean_bin,300
data/time-series/bead/sucrose_200mM.parquet,cell5,Sucrose,sucrose,200,cell5,CCW,300,legacy_mat,data/Bead-assays/Sucrose/200mM/cells/cell_5/cell_5_200_Freq.mat,inverted,0.1,mean_bin,300
data/time-series/bead/sucrose_200mM.parquet,cell6,Sucrose,sucrose,200,cell6,CCW,300,legacy_mat,data/Bead-assays/Sucrose/200mM/cells/cell_6/cell_6_200_Freq.mat,inverted,0.1,mean_bin,300
data/time-series/bead/sucrose_200mM.parquet,cell7,Sucrose,sucrose,200,cell7,CCW,300,legacy_mat,data/Bead-assays/Sucrose/200mM/cells/cell_7/cell_7_200_Freq.mat,inverted,0.1,mean_bin,300
data/time-series/bead/sucrose_200mM.parquet,cell8,Sucrose,sucrose,200,cell8,CCW,300,legacy_mat,data/Bead-assays/Sucrose/200mM/cells/cell_8/cell_8_200_Freq.mat,inverted,0.1,mean_bin,300
data/time-series/bead/sucrose_300mM.parquet,cell1,Sucrose,sucrose,300,cell1,CCW,300,legacy_mat,data/Bead-assays/Sucrose/300mM/cells/cell_1/cell_1_300_Freq.mat,inverted,0.1,mean_bin,300
data/time-series/bead/sucrose_300mM.parquet,cell10,Sucrose,sucrose,300,cell10,CCW,300,legacy_mat,data/Bead-assays/Sucrose/300mM/cells/cell_10/cell_10_300_freq.mat,inverted,0.1,mean_bin,300
data/time-series/bead/sucrose_300mM.parquet,cell2,Sucrose,sucrose,300,cell2,CCW,300,legacy_mat,data/Bead-assays/Sucrose/300mM/cells/cell_2/cell_2_300_Freq.mat,inverted,0.1,mean_bin,300
data/time-series/bead/sucrose_300mM.parquet,cell3,Sucrose,sucrose,300,cell3,CCW,300,legacy_mat,data/Bead-assays/Sucrose/300mM/cells/cell_3/cell_3_300_Freq.mat,inverted,0.1,mean_bin,300
data/time-series/bead/sucrose_300mM.parquet,cell4,Sucrose,sucrose,300,cell4,CCW,300,legacy_mat,data/Bead-assays/Sucrose/300mM/cells/cell_4/cell_4_300_Freq.mat,inverted,0.1,mean_bin,300
data/time-series/bead/sucrose_300mM.parquet,cell5,Sucrose,sucrose,300,cell5,CCW,300,legacy_mat,data/Bead-assays/Sucrose/300mM/cells/cell_5/cell_5_300_Freq.mat,inverted,0.1,mean_bin,300
data/time-series/bead/sucrose_300mM.parquet,cell6,Sucrose,sucrose,300,cell6,CCW,300,legacy_mat,data/Bead-assays/Sucrose/300mM/cells/cell_6/cell_6_300_Freq.mat,inverted,0.1,mean_bin,300
data/time-series/bead/sucrose_300mM.parquet,cell7,Sucrose,sucrose,300,cell7,CCW,300,legacy_mat,data/Bead-assays/Sucrose/300mM/cells/cell_7/cell_7_300_Freq.mat,inverted,0.1,mean_bin,300
data/time-series/bead/sucrose_300mM.parquet,cell8,Sucrose,sucrose,300,cell8,CCW,300,legacy_mat,data/Bead-assays/Sucrose/300mM/cells/cell_8/cell_8_300_Freq.mat,inverted,0.1,mean_bin,300
data/time-series/bead/sucrose_300mM.parquet,cell9,Sucrose,sucrose,300,cell9,CCW,300,legacy_mat,data/Bead-assays/Sucrose/300mM/cells/cell_9/cell_9_300_Freq.mat,inverted,0.1,mean_bin,300
data/time-series/bead/sucrose_400mM.parquet,cell1,Sucrose,sucrose,400,cell1,CCW,300,legacy_mat,data/Bead-assays/Sucrose/400mM/cells/cell_1/cell_1_400_Freq.mat,inverted,0.1,mean_bin,300
data/time-series/bead/sucrose_400mM.parquet,cell2,Sucrose,sucrose,400,cell2,CCW,300,legacy_mat,data/Bead-assays/Sucrose/400mM/cells/cell_2/cell_2_400_Freq.mat,inverted,0.1,mean_bin,300
data/time-series/bead/sucrose_400mM.parquet,cell3,Sucrose,sucrose,400,cell3,CCW,300,legacy_mat,data/Bead-assays/Sucrose/400mM/cells/cell_3/cell_3_400_Freq.mat,inverted,0.1,mean_bin,300
data/time-series/bead/sucrose_400mM.parquet,cell4,Sucrose,sucrose,400,cell4,CCW,300,legacy_mat,data/Bead-assays/Sucrose/400mM/cells/cell_4/cell_4_400_Freq.mat,inverted,0.1,mean_bin,300
data/time-series/bead/sucrose_400mM.parquet,cell5,Sucrose,sucrose,400,cell5,CCW,300,legacy_mat,data/Bead-assays/Sucrose/400mM/cells/cell_5/cell_5_400_Freq.mat,inverted,0.1,mean_bin,300
data/time-series/bead/sucrose_400mM.parquet,cell6,Sucrose,sucrose,400,cell6,CCW,300,legacy_mat,data/Bead-assays/Sucrose/400mM/cells/cell_6/cell_6_400_Freq.mat,inverted,0.1,mean_bin,300
data/time-series/bead/sucrose_400mM.parquet,cell7,Sucrose,sucrose,400,cell7,CCW,300,legacy_mat,data/Bead-assays/Sucrose/400mM/cells/cell_7/cell_7_400_Freq.mat,inverted,0.1,mean_bin,300
data/time-series/bead/sucrose_400mM.parquet,cell8,Sucrose,sucrose,400,cell8,CCW,300,legacy_mat,data/Bead-assays/Sucrose/400mM/cells/cell_8/cell_8_400_Freq.mat,inverted,0.1,mean_bin,300
data/time-series/bead/sucrose_500mM.parquet,cell1,Sucrose,sucrose,500,cell1,CCW,300,legacy_mat,data/Bead-assays/Sucrose/500mM/cells/cell_1/cell_1_500_Freq.mat,inverted,0.1,mean_bin,300
data/time-series/bead/sucrose_500mM.parquet,cell10,Sucrose,sucrose,500,cell10,CCW,300,legacy_mat,data/Bead-assays/Sucrose/500mM/cells/cell_10/cell_10_500_Freq.mat,inverted,0.1,mean_bin,300
data/time-series/bead/sucrose_500mM.parquet,cell11,Sucrose,sucrose,500,cell11,CCW,300,legacy_mat,data/Bead-assays/Sucrose/500mM/cells/cell_11/cell_11_500_Freq.mat,inverted,0.1,mean_bin,300
data/time-series/bead/sucrose_500mM.parquet,cell12,Sucrose,sucrose,500,cell12,CCW,300,legacy_mat,data/Bead-assays/Sucrose/500mM/cells/cell_12/cell_12_500_Freq.mat,inverted,0.1,mean_bin,300
data/time-series/bead/sucrose_500mM.parquet,cell2,Sucrose,sucrose,500,cell2,CCW,300,legacy_mat,data/Bead-assays/Sucrose/500mM/cells/cell_2/cell_2_500_Freq.mat,inverted,0.1,mean_bin,300
data/time-series/bead/sucrose_500mM.parquet,cell3,Sucrose,sucrose,500,cell3,CCW,300,legacy_mat,data/Bead-assays/Sucrose/500mM/cells/cell_3/cell_3_500_Freq.mat,inverted,0.1,mean_bin,300
data/time-series/bead/sucrose_500mM.parquet,cell4,Sucrose,sucrose,500,cell4,CCW,300,legacy_mat,data/Bead-assays/Sucrose/500mM/cells/cell_4/cell_4_500_Freq.mat,inverted,0.1,mean_bin,300
data/time-series/bead/sucrose_500mM.parquet,cell5,Sucrose,sucrose,500,cell5,CCW,300,legacy_mat,data/Bead-assays/Sucrose/500mM/cells/cell_5/cell_5_500_Freq.mat,inverted,0.1,mean_bin,300
data/time-series/bead/sucrose_500mM.parquet,cell6,Sucrose,sucrose,500,cell6,CCW,300,legacy_mat,data/Bead-assays/Sucrose/500mM/cells/cell_6/cell_6_500_Freq.mat,inverted,0.1,mean_bin,300
data/time-series/bead/sucrose_500mM.parquet,cell7,Sucrose,sucrose,500,cell7,CCW,300,legacy_mat,data/Bead-assays/Sucrose/500mM/cells/cell_7/cell_7_500_Freq.mat,inverted,0.1,mean_bin,300
data/time-series/bead/sucrose_500mM.parquet,cell8,Sucrose,sucrose,500,cell8,CCW,300,legacy_mat,data/Bead-assays/Sucrose/500mM/cells/cell_8/cell_8_500_Freq.mat,inverted,0.1,mean_bin,300
data/time-series/bead/sucrose_500mM.parquet,cell9,Sucrose,sucrose,500,cell9,CCW,300,legacy_mat,data/Bead-assays/Sucrose/500mM/cells/cell_9/cell_9_500_Freq.mat,inverted,0.1,mean_bin,300
